Country (Institute),Target,Oligonucleotide,Sequence
Charité (Germany),RdRp,Charité_RdRp_F,GTGARATGGTCATGTGTGGCGG
Charité (Germany),RdRp,Charité_S_RdRp_P,CAGGTGGAACCTCATCAGGAGATGC
Charité (Germany),RdRp,Charité_RdRp_R,CARATGTTAAASACACTATTAGCATA
Charité (Germany),E,Charité_E_F,ACAGGTACGTTAATAGTTAATAGCGT
Charité (Germany),E,Charité_E_P,ACACTAGCCATCCTTACTGCGCTTCG
Charité (Germany),E,Charité_E_R,ATATTGCAGCAGTACGCACACA
Charité (Germany),N,Charité_N_F,CACATTGGCACCCGCAATC
Charité (Germany),N,Charité_N_P,ACTTCCTCAAGGAACAACATTGCCA
Charité (Germany),N,Charité_N_R,GAGGAACGAGAAGAGGCTTG
HKU (Hong Kong),ORF1b-nsp14,HKU_ORF_F,TGGGGYTTTACRGGTAACCT
HKU (Hong Kong),ORF1b-nsp14,HKU_ORF_P,TAGTTGTGATGCWATCATGACTAG
HKU (Hong Kong),ORF1b-nsp14,HKU_ORF_R,AACRCGCTTAACAAAGCACTC
HKU (Hong Kong),N,HKU_N_F,TAATCAGACAAGGAACTGATTA
HKU (Hong Kong),N,HKU_N_P,GCAAATTGTGCAATTTGCGG
HKU (Hong Kong),N,HKU_N_R,CGAAGGTGTGACTTCCATG
China CDC (China),N,ChinaCDC_N_F,GGGGAACTTCTCCTGCTAGAAT
China CDC (China),N,ChinaCDC_N_P,TTGCTGCTGCTTGACAGATT
China CDC (China),N,ChinaCDC_N_R,CAGACATTTTGCTCTCAAGCTG
China CDC (China),ORF1ab-nsp10,ChinaCDC_ORF_F,CCCTGTGGGTTTTACACTTAA
China CDC (China),ORF1ab-nsp10,ChinaCDC_ORF_P,CCGTCTGCGGTATGTGGAAAGGTTATGG
China CDC (China),ORF1ab-nsp10,ChinaCDC_ORF_R,ACGATTGTGCATCAGCTGA
US CDC (United States),N1,USCDC_N1_F,GACCCCAAAATCAGCGAAAT
US CDC (United States),N1,USCDC_N1_P,ACCCCGCATTACGTTTGGTGGACC
US CDC (United States),N1,USCDC_N1_R,TCTGGTTACTGCCAGTTGAATCTG
US CDC (United States),N2,USCDC_N2_F,TTACAAACATTGGCCGCAAA
US CDC (United States),N2,USCDC_N2_P,ACAATTTGCCCCCAGCGCTTCAG
US CDC (United States),N2,USCDC_N2_R,GCGCGACATTCCGAAGAA
US CDC (United States),N3,USCDC_N3_F,GGGAGCCTTGAATACACCAAAA
US CDC (United States),N3,USCDC_N3_P,AYCACATTGGCACCCGCAATCCTG
US CDC (United States),N3,USCDC_N3_R,TGTAGCACGATTGCAGCATTG
"Institut Pasteur, Paris (France)",RdRp,Pasteur_IP2_F,ATGAGCTTAGTCCTGTTG
"Institut Pasteur, Paris (France)",RdRp,Pasteur_IP2_P,AGATGTCTTGTGCTGCCGGTA
"Institut Pasteur, Paris (France)",RdRp,Pasteur_IP2_R,CTCCCTTTGTTGTGTTGT
"Institut Pasteur, Paris (France)",RdRp,Pasteur_IP4_F,GGTAACTGGTATGATTTCG
"Institut Pasteur, Paris (France)",RdRp,Pasteur_IP4_P,TCATACAAACCACGCCAGG
"Institut Pasteur, Paris (France)",RdRp,Pasteur_IP4_R,CTGGTCAAGGTTAATATAGG
