20C/501Y.V2	nuc	1059	T
20C/501Y.V2	nuc	8782	C
20C/501Y.V2	nuc	14408	T
20C/501Y.V2	nuc	23403	G
20C/501Y.V2	nuc	25563	T
20C/501Y.V2	nuc	23063	T
20C/501Y.V2	nuc	23012	A

20A.EU1	nuc	8782	C
20A.EU1	nuc	14408	T
20A.EU1	nuc	23403	G
20A.EU1	nuc	22227	T

20A.EU2	nuc	8782	C
20A.EU2	nuc	14408	T
20A.EU2	nuc	23403	G
20A.EU2	nuc	18877	T
20A.EU2	nuc	22992	A

20B/501Y.V2	nuc	8782	C
20B/501Y.V2	nuc	14408	T
20B/501Y.V2	nuc	23403	G
20B/501Y.V2	nuc	28881	A
20B/501Y.V2	nuc	28882	A
20B/501Y.V2	nuc	23063	T
20B/501Y.V2	nuc	14676	T
20B/501Y.V2	nuc	15279	T


